{"cameraMode":{"drawMode":0,"name":"Shaded","section":"Shading Mode"},"sceneLighting":true,"audioPlay":false,"sceneViewState":{"showFog":true,"showMaterialUpdate":false,"showSkybox":false,"showFlares":true,"showImageEffects":false,"showParticleSystems":true},"in2DMode":false,"pivot":{"x":0.0009999275207519532,"y":2.122000217437744,"z":-0.7850003242492676},"rotation":{"x":-0.3947067856788635,"y":-0.47109994292259219,"z":0.24789772927761079,"w":-0.7490413784980774},"size":8.414302825927735,"orthographic":false}