{"cameraMode":{"drawMode":0,"name":"Shaded","section":"Shading Mode"},"sceneLighting":true,"audioPlay":false,"sceneViewState":{"showFog":true,"showMaterialUpdate":false,"showSkybox":true,"showFlares":true,"showImageEffects":false,"showParticleSystems":true},"in2DMode":false,"pivot":{"x":4.066420555114746,"y":15.829668998718262,"z":0.29931047558784487},"rotation":{"x":0.4189890921115875,"y":-0.5103930830955505,"z":0.31375423073768618,"w":0.6824644804000855},"size":1.401298464324817e-45,"orthographic":false}