{"cameraMode":{"drawMode":0,"name":"Shaded","section":"Shading Mode"},"sceneLighting":false,"audioPlay":false,"sceneViewState":{"showFog":true,"showMaterialUpdate":false,"showSkybox":false,"showFlares":true,"showImageEffects":false,"showParticleSystems":true},"in2DMode":false,"pivot":{"x":-9.910713195800782,"y":2.720372200012207,"z":0.924187421798706},"rotation":{"x":0.22955623269081117,"y":-0.7318071126937866,"z":0.294673889875412,"w":0.5700610280036926},"size":1.441178560256958,"orthographic":false}