{"cameraMode":{"drawMode":0,"name":"Shaded","section":"Shading Mode"},"sceneLighting":true,"audioPlay":false,"sceneViewState":{"showFog":true,"showMaterialUpdate":false,"showSkybox":true,"showFlares":true,"showImageEffects":false,"showParticleSystems":true},"in2DMode":false,"pivot":{"x":-0.6611794829368591,"y":4.348592758178711,"z":-7.22556209564209},"rotation":{"x":0.04167074337601662,"y":0.5068707466125488,"z":-0.024407710880041124,"w":0.8607538938522339},"size":0.9000000357627869,"orthographic":false}