{"cameraMode":{"drawMode":0,"name":"Shaded","section":"Shading Mode"},"sceneLighting":false,"audioPlay":false,"sceneViewState":{"showFog":true,"showMaterialUpdate":false,"showSkybox":false,"showFlares":true,"showImageEffects":false,"showParticleSystems":true},"in2DMode":false,"pivot":{"x":-8.920877456665039,"y":1.0784863233566285,"z":2.9731392860412599},"rotation":{"x":-0.12619642913341523,"y":0.8146082758903503,"z":-0.1931447833776474,"w":-0.53219074010849},"size":2.0089480876922609,"orthographic":false}