{"cameraMode":{"drawMode":0,"name":"Shaded","section":"Shading Mode"},"sceneLighting":true,"audioPlay":false,"sceneViewState":{"showFog":true,"showMaterialUpdate":false,"showSkybox":true,"showFlares":true,"showImageEffects":false,"showParticleSystems":true},"in2DMode":false,"pivot":{"x":-6.956764221191406,"y":5.950188159942627,"z":-5.115143775939941},"rotation":{"x":0.343352347612381,"y":0.29805445671081545,"z":-0.11587843298912049,"w":0.883118212223053},"size":1.8184356689453126,"orthographic":false}