{"cameraMode":{"drawMode":0,"name":"Shaded","section":"Shading Mode"},"sceneLighting":true,"audioPlay":false,"sceneViewState":{"showFog":true,"showMaterialUpdate":false,"showSkybox":true,"showFlares":true,"showImageEffects":false,"showParticleSystems":true},"in2DMode":false,"pivot":{"x":-1.980860948562622,"y":7.3619866371154789,"z":-1.2195736169815064},"rotation":{"x":0.32841601967811587,"y":-0.03283480554819107,"z":0.011546250432729721,"w":0.9439890384674072},"size":1.401298464324817e-45,"orthographic":false}