{"cameraMode":{"drawMode":0,"name":"Shaded","section":"Shading Mode"},"sceneLighting":true,"audioPlay":false,"sceneViewState":{"showFog":true,"showMaterialUpdate":false,"showSkybox":true,"showFlares":true,"showImageEffects":false,"showParticleSystems":true},"in2DMode":false,"pivot":{"x":-30.853858947753908,"y":-67.41729736328125,"z":70.78207397460938},"rotation":{"x":0.38928472995758059,"y":-0.19549398124217988,"z":0.0850091353058815,"w":0.8961812257766724},"size":51.72083282470703,"orthographic":false}