{"cameraMode":{"drawMode":0,"name":"Shaded","section":"Shading Mode"},"sceneLighting":true,"audioPlay":false,"sceneViewState":{"showFog":true,"showMaterialUpdate":false,"showSkybox":true,"showFlares":true,"showImageEffects":true,"showParticleSystems":true},"in2DMode":false,"pivot":{"x":-2.2424631118774416,"y":-0.787212610244751,"z":-2.8988449573516847},"rotation":{"x":-0.22856511175632478,"y":0.306772381067276,"z":-0.0761495977640152,"w":-0.9207901358604431},"size":10.178223609924317,"orthographic":false}