{"cameraMode":{"drawMode":0,"name":"Shaded","section":"Shading Mode"},"sceneLighting":true,"audioPlay":false,"sceneViewState":{"showFog":true,"showMaterialUpdate":false,"showSkybox":true,"showFlares":true,"showImageEffects":false,"showParticleSystems":true},"in2DMode":false,"pivot":{"x":-9.424198150634766,"y":-2.013021469116211,"z":-0.4176403284072876},"rotation":{"x":0.4632592797279358,"y":0.021259689703583719,"z":-0.011125786229968071,"w":0.8859207034111023},"size":6.8089494705200199,"orthographic":false}