{"cameraMode":{"drawMode":0,"name":"Shaded","section":"Shading Mode"},"sceneLighting":true,"audioPlay":false,"sceneViewState":{"showFog":true,"showMaterialUpdate":false,"showSkybox":true,"showFlares":true,"showImageEffects":false,"showParticleSystems":true},"in2DMode":false,"pivot":{"x":-2.267099142074585,"y":7.38745641708374,"z":-7.5032196044921879},"rotation":{"x":0.23456309735774995,"y":0.06674744933843613,"z":-0.016021324321627618,"w":0.9697706699371338},"size":1.401298464324817e-45,"orthographic":false}