{"cameraMode":{"drawMode":0,"name":"Shaded","section":"Shading Mode"},"sceneLighting":true,"audioPlay":false,"sceneViewState":{"showFog":true,"showMaterialUpdate":false,"showSkybox":true,"showFlares":true,"showImageEffects":false,"showParticleSystems":true},"in2DMode":false,"pivot":{"x":4.402121543884277,"y":5.551469802856445,"z":-2.722604274749756},"rotation":{"x":0.46869957447052,"y":-0.0013285622699186206,"z":0.0007036871975287795,"w":0.883375346660614},"size":5.107395172119141,"orthographic":false}