{"cameraMode":{"drawMode":0,"name":"Shaded","section":"Shading Mode"},"sceneLighting":true,"audioPlay":false,"sceneViewState":{"showFog":true,"showMaterialUpdate":false,"showSkybox":true,"showFlares":true,"showImageEffects":false,"showParticleSystems":true},"in2DMode":false,"pivot":{"x":1.6465466022491456,"y":4.116246700286865,"z":0.5090734958648682},"rotation":{"x":-0.057218052446842197,"y":-0.3761419951915741,"z":0.02327520214021206,"w":-0.9245055317878723},"size":5.126293659210205,"orthographic":false}