{"cameraMode":{"drawMode":0,"name":"Shaded","section":"Shading Mode"},"sceneLighting":true,"audioPlay":false,"sceneViewState":{"showFog":true,"showMaterialUpdate":false,"showSkybox":true,"showFlares":true,"showImageEffects":false,"showParticleSystems":true},"in2DMode":false,"pivot":{"x":-7.678276538848877,"y":2.133533000946045,"z":0.20902876555919648},"rotation":{"x":0.3561515808105469,"y":0.09924623370170593,"z":-0.038071755319833758,"w":0.9283901453018189},"size":10.016708374023438,"orthographic":false}