{"cameraMode":{"drawMode":0,"name":"Shaded","section":"Shading Mode"},"sceneLighting":true,"audioPlay":false,"sceneViewState":{"showFog":true,"showMaterialUpdate":false,"showSkybox":true,"showFlares":true,"showImageEffects":false,"showParticleSystems":true},"in2DMode":false,"pivot":{"x":-7.097164630889893,"y":2.031925678253174,"z":-1.7254023551940919},"rotation":{"x":-0.43542158603668215,"y":-0.09637123346328736,"z":0.04694557189941406,"w":-0.8938243985176086},"size":4.094841480255127,"orthographic":false}