{"cameraMode":{"drawMode":0,"name":"Shaded","section":"Shading Mode"},"sceneLighting":false,"audioPlay":false,"sceneViewState":{"showFog":true,"showMaterialUpdate":false,"showSkybox":false,"showFlares":true,"showImageEffects":false,"showParticleSystems":true},"in2DMode":false,"pivot":{"x":-9.736551284790039,"y":3.304553747177124,"z":0.22225937247276307},"rotation":{"x":0.272330105304718,"y":-0.43332135677337649,"z":0.13918307423591615,"w":0.8477856516838074},"size":1.441178560256958,"orthographic":false}