{"cameraMode":{"drawMode":0,"name":"Shaded","section":"Shading Mode"},"sceneLighting":true,"audioPlay":false,"sceneViewState":{"showFog":true,"showMaterialUpdate":false,"showSkybox":true,"showFlares":true,"showImageEffects":false,"showParticleSystems":true},"in2DMode":false,"pivot":{"x":1.4924229383468629,"y":-13.966418266296387,"z":59.75392150878906},"rotation":{"x":0.10958242416381836,"y":0.013421784155070782,"z":-0.001438796753063798,"w":0.9939281940460205},"size":25.644227981567384,"orthographic":false}